{
  "disabledIntegrations": [
    "iris",
    "continuity",
    "cullleaves",
    "citresewn",
    "lambdabettergrass",
    "cem",
    "lambdynlights",
    "entity_texture_features"
  ],
  "enablePuzzleButton": false,
  "debugMessages": false,
  "checkUpdates": false,
  "showPuzzleInfo": false,
  "resourcepackSplashScreen": true,
  "disableSplashScreenBlend": false,
  "emissiveTextures": false,
  "unlimitedRotations": true,
  "biggerModels": true,
  "backgroundColor": 15675965,
  "progressBarColor": 16777215,
  "progressFrameColor": 16777215
}