{"zoomify_gui_category_behaviour":{"zoomify_gui_initialzoom_name":4,"zoomify_gui_maxscrollzoom_name":75,"zoomify_gui_zoomspeed_name":50,"zoomify_gui_zoomtransition_name":"zoomify_transition_instant","zoomify_gui_zoomoppositetransitionout_name":true},"zoomify_gui_category_scrolling":{"zoomify_gui_scrollzoomtransition_name":"zoomify_transition_instant","zoomify_gui_scrollzoomoppositetransitionout_name":true,"zoomify_gui_scrollzoomspeed_name":50},"zoomify_gui_category_controls":{"zoomify_gui_zoomkeybehaviour_name":"zoomify_zoom_key_behaviour_hold","zoomify_gui_relativesensitivity_name":true,"zoomify_gui_cinematiccam_name":false}}